0,1,2,3,4,5,6,7,8,9,10,11,12,13,14,15,16,17,18,19,20,21,22,23,24,25,26,27,28,29,30,31,32,33,34,35,36,37,38,39,40,41,42,43,44,45,46,47,48,49,50,51,52,53,54
-0.0017849119612947106,-0.006894126068800688,-0.002509511075913906,-0.0003103152848780155,-0.00983992125838995,-0.0014986615860834718,0.002954749623313546,-0.005852784961462021,0.0015606071101501584,0.0009862130973488092,0.0077445427887141705,-0.002227720571681857,0.008535057306289673,-0.005374870263040066,-0.009462358430027962,-0.001969199161976576,0.0009945897618308663,-0.006356428377330303,0.00636515486985445,0.005462243687361479,0.002114820061251521,0.008662305772304535,-0.004655525088310242,0.0032795926090329885,-0.009745816700160503,-0.008152512833476067,-0.00033278996124863625,-0.004216092173010111,0.003573798108845949,0.002796789398416877,0.004322846885770559,-0.00028664327692240477,-0.005306007340550423,0.009799748659133911,-0.008629352785646915,-0.008044043555855751,-0.0010208210442215204,0.0027545252814888954,0.00668927701190114,-0.001753629301674664,0.002788752783089876,-0.007545004598796368,-0.0020536184310913086,-0.005757343024015427,0.0038017847109586,0.0011684891069307923,0.0009273978648707271,0.004550384823232889,-0.00718444911763072,-0.0006699395598843694,0.0,1.0,0.0,0.0,2
-0.0005842446116730571,-0.006525370292365551,-0.009739432483911514,-0.00129310239572078,-0.0038868060801178217,-0.003502880223095417,-0.007797855418175459,0.00982931349426508,0.0042795767076313496,0.005197629332542419,-0.009978139773011208,-0.00954915676265955,0.0003593453438952565,0.0036110493820160627,0.003689772682264447,-0.0050428081303834915,0.010596062988042831,-0.0019020636100322008,0.0086798882111907,-0.008034570142626762,0.005199629347771406,-0.010137075558304787,0.004137691110372543,-0.006803504657000303,0.00746982591226697,0.008597814477980137,0.00048282582429237664,-0.0006000330904498696,-0.0009664431563578546,-0.005799754988402128,0.0005830927984789014,0.004496716428548098,-0.002175761852413416,0.008092881180346012,-0.0024502857122570276,-0.0076684835366904736,0.004061296582221985,0.009401869028806686,0.002970369067043066,-0.007649445906281471,-0.009358186274766922,-0.0005049480823799968,0.0010310184443369508,-0.00891774520277977,-0.008792014792561531,0.00378277781419456,0.005630348343402147,0.0021313196048140526,0.00033946664188988507,-0.004567405208945274,0.0,1.0,0.0,0.0,2
0.005506482906639576,-0.0027033581864088774,0.008436890318989754,-0.004454056266695261,0.0023423205129802227,-0.00850997120141983,0.00261808093637228,0.0011904280399903655,0.0009179816697724164,0.005372965708374977,-0.008750185370445251,-0.007343541365116835,-0.0019263576250523329,0.006959032267332077,0.002488583093509078,0.003974076826125383,-0.006159887183457613,0.005252395290881395,-0.0003022134187631309,0.007875465787947178,0.007459487300366163,0.00800454244017601,-0.006478619761765003,-0.006051525939255953,0.006256100255995989,0.005242492072284222,0.005061998963356018,-0.0007873831782490015,0.006057897116988897,0.0011916602961719036,-0.008595140650868416,0.006307112518697977,-0.005431704688817263,-0.008416603319346905,0.006047602742910385,0.0052331602200865746,-0.007407353725284338,-0.001504180720075965,-0.004216083325445652,0.003395685227587819,0.004555214662104845,-0.0026112012565135956,0.0003462402964942157,0.007413593120872974,-0.0050863055512309074,0.009837758727371693,-0.007500709965825081,-0.0013434255961328745,0.003916338086128235,-0.007949494756758213,0.0,1.0,0.0,0.0,2
0.001144756213761866,0.0023462758399546146,0.009892338886857033,0.005957840941846371,-0.006131893489509821,-0.0017528594471514225,0.009536285884678364,0.0015174270374700427,-0.0002618411963339895,0.005120179150253534,0.0020855627954006195,0.0009176971507258713,-0.004970596171915531,-0.0005016742506995797,-0.0008700861944817007,0.007527518551796675,0.010280972346663475,-0.0018919032299891114,0.0017189449863508344,0.00837589893490076,0.007422362454235554,0.000874920398928225,-0.009388579055666924,-0.00036755279870703816,0.00739997997879982,0.004589616321027279,-0.004847537260502577,0.002142454730346799,-0.007880134508013725,0.0069068484008312225,-0.008684784173965454,0.0008676767465658486,-0.00013531283184420317,0.009635230526328087,0.007217681501060724,0.009334485046565533,-0.0026220791041851044,-0.006427422631531954,-0.0065698218531906605,-0.004695909563452005,0.004793876316398382,-0.009065564721822739,-0.00631400290876627,-0.0010846351506188512,0.007096371613442898,-0.004740242380648851,0.002776084467768669,0.008667021989822388,0.009377029724419117,-0.0065612345933914185,0.0,1.0,0.0,0.0,2
-0.0019072216236963868,-0.007181111257523298,-0.0024967356584966183,-0.0005241840844973922,-0.010050320066511631,-0.0017265109345316887,0.0030543245375156403,-0.005469157826155424,0.0012585666263476014,0.0007616905495524406,0.007780881132930517,-0.0022575771436095238,0.008557048626244068,-0.005013269372284412,-0.00929837767034769,-0.0018269848078489304,0.0012771255569532514,-0.0062248422764241695,0.00616031838580966,0.005358859430998564,0.0021951894741505384,0.008589311502873898,-0.004592378158122301,0.00342736323364079,-0.009497770108282566,-0.008004020899534225,-0.0004838446620851755,-0.004188779275864363,0.003474003868177533,0.002856314415112138,0.004073041956871748,-0.00020844105165451765,-0.005332753993570805,0.00974760390818119,-0.008765144273638725,-0.007735470775514841,-0.000890132156200707,0.0026702878531068563,0.006699400022625923,-0.0015735435299575329,0.003064995864406228,-0.007465992122888565,-0.002017716644331813,-0.005844509229063988,0.0038863022346049547,0.0011812758166342974,0.0008440869278274477,0.00452709523960948,-0.007022385019809008,-0.000574203790165484,0.0,1.0,0.0,0.0,2
-0.0019143649842590094,-0.006869093980640173,-0.0024535676930099726,-0.00032386716338805854,-0.009848776273429394,-0.0015335329808294773,0.00295998714864254,-0.005881828255951405,0.0015785964205861092,0.0009836842073127627,0.007758613675832748,-0.002089910442009568,0.008500673808157444,-0.005374081898480654,-0.009501864202320576,-0.0018924759933725,0.0009379281545989215,-0.006326494738459587,0.006403302773833275,0.005490237846970558,0.002094071824103594,0.008679565042257309,-0.004750947467982769,0.003185509704053402,-0.009853656403720379,-0.008147242479026318,-0.0002789942955132574,-0.004232156090438366,0.003657240653410554,0.0027168055530637503,0.0042240433394908905,-0.00030108343344181776,-0.005361800082027912,0.009875969029963017,-0.008627379313111305,-0.007953992113471031,-0.0010742777958512306,0.0026919778902083635,0.0066213225945830345,-0.0017754373839125037,0.0027648555114865303,-0.007509656250476837,-0.001988088246434927,-0.005658993497490883,0.003687645774334669,0.0011869564186781645,0.0009902802994474769,0.004501535557210445,-0.0072548664174973965,-0.0006636085454374552,0.0,1.0,0.0,0.0,2
0.0032376416493207216,0.001109879813157022,0.0011923362035304308,0.006094320677220821,0.0042875222861766815,-0.00854905042797327,0.007543023210018873,0.010994539596140385,0.00719085056334734,-0.007529750932008028,0.004182560835033655,0.004074030090123415,-0.0032022628001868725,0.0025135688483715057,-0.0032205358147621155,0.0001783198385965079,-0.006462333258241415,-0.006326685193926096,-0.010118856094777584,0.006685324013233185,-0.0018671570578590035,0.0033659576438367367,-0.003961230628192425,-0.008597858250141144,0.009864654392004013,0.007996708154678345,0.0018146239453926682,0.0038749126251786947,-0.0017151477513834834,0.00033874070504680276,-0.0009333495399914682,-0.0004134220944251865,-0.009418314322829247,0.003999113570898771,-0.009934216737747192,-0.0009962847689166665,0.004692347254604101,0.007575415540486574,2.2240888938540593e-05,0.010708507150411606,0.009207693859934807,0.0019500779453665018,0.004579018335789442,-0.009595128707587719,0.008431298658251762,-0.0073391711339354515,-0.008614269085228443,0.0014154043747112155,0.00888349674642086,-0.0012812905479222536,0.132,0.402,0.466,0.8743,2
0.000299038365483284,-0.007552021183073521,-1.1646452549030073e-05,-0.01053586881607771,0.003210898255929351,-0.010712532326579094,0.008869010023772717,0.00938723050057888,-0.0041089472360908985,-0.007232407107949257,0.0032408840488642454,-0.0010987517889589071,0.007687357719987631,0.0058321841061115265,0.0082170981913805,-0.002656287979334593,0.0021951147355139256,0.0052919210866093636,0.0032312285620719194,-0.010958576574921608,0.007688835728913546,0.005158037878572941,0.009264282882213593,-0.0073166643269360065,-0.001143764122389257,0.004210597835481167,-0.00904509425163269,0.008489749394357204,-0.007577582262456417,0.002436366630718112,0.00815918855369091,0.002964431419968605,0.00816500373184681,-0.00026951238396577537,-0.0022363681346178055,-0.00321642542257905,-0.0017056497745215893,0.00044288227218203247,-0.008349535055458546,-0.002277835039421916,-0.0002797134511638433,0.006347409915179014,-0.004560068715363741,0.0013208905002102256,0.0029941981192678213,0.00033476646058261395,0.001976806903257966,-0.0011259842431172729,-0.005131118465214968,-0.007385719567537308,0.061,0.434,0.505,0.9237,2
-0.001623250893317163,-0.005457345396280289,0.0007554036565124989,-0.002864615526050329,-0.0012153375428169966,0.0017549442127346992,0.005315102636814117,0.00555394496768713,-0.00324198417365551,0.0008231133106164634,0.0053192065097391605,-0.004074967000633478,-0.00838061049580574,0.005617673508822918,0.003687324235215783,0.0077785286121070385,0.003197892801836133,0.009420753456652164,0.004888250958174467,-0.009688282385468483,0.0067042941227555275,0.0003796434320975095,-0.007221546955406666,0.0017330364789813757,-0.003738498780876398,-0.008074678480625153,-0.006949108559638262,-0.0027115149423480034,-0.004472129978239536,-0.005372548941522837,0.003255493938922882,0.009613476693630219,0.0028390358202159405,-0.00355606060475111,0.002410680754110217,-0.003908327780663967,0.005111075006425381,-0.0026016058400273323,0.009862055070698261,-0.004500345326960087,0.006614021956920624,-0.006324565503746271,-0.0053704786114394665,-0.002125801984220743,0.006296136882156134,-0.00767308846116066,0.008261539041996002,-0.009200530126690865,0.008158341981470585,0.00017140778072644025,0.112,0.399,0.49,0.7676,2
0.0006017980631440878,0.0010358444415032864,-0.006925847847014666,-0.003372622886672616,-0.009645937941968441,0.0058339727111160755,-0.002280798740684986,-0.0068716988898813725,-0.0016536759212613106,0.0028717704117298126,0.004819480236619711,0.003883848898112774,0.010658789426088333,0.0008060822146944702,0.003182806773111224,0.010328308679163456,0.008206122554838657,-0.0005186474299989641,0.0005145291797816753,-0.010712663643062115,0.005529190879315138,-0.0012782564153894782,-0.004746566526591778,0.002161826239898801,-0.002945131156593561,-5.3248204494593665e-05,0.004805847071111202,0.004300539381802082,-0.003607409540563822,0.0016371139790862799,0.004811437334865332,-0.0020492624025791883,0.004738752730190754,-0.00404792046174407,-0.004502896685153246,-0.004561196081340313,0.006144449580460787,-0.002566646784543991,0.002158442512154579,0.008334407582879066,0.0008813720196485519,0.0057372297160327435,0.008416262455284595,0.0011656772112473845,-0.0053804493509233,-0.0005002489779144526,-0.00264181406237185,0.003849936183542013,-0.005759910214692354,0.0028136218897998333,0.063,0.417,0.52,0.9222,2
0.00030423965654335916,0.0008948394097387791,-0.006707619875669479,-0.0034371935762465,-0.009639556519687176,0.005842691287398338,-0.0024989983066916466,-0.00681987265124917,-0.0019553895108401775,0.0029115243814885616,0.004904330708086491,0.003694892628118396,0.010632138699293137,0.001025305944494903,0.0031369796488434076,0.010553063824772835,0.008100902661681175,-0.00036908002221025527,0.0005353739834390581,-0.010518110357224941,0.005480162799358368,-0.0010666236048564315,-0.0045732962898910046,0.002247479045763612,-0.0029730938840657473,0.00011045222345273942,0.005007507279515266,0.004312362987548113,-0.003561720484867692,0.0015234440797939897,0.004769537597894669,-0.0022308588959276676,0.004554289858788252,-0.004058937542140484,-0.004599128384143114,-0.0045633274130523205,0.006211708765476942,-0.0027124204207211733,0.002095879288390279,0.00843979511409998,0.0008784586098045111,0.005642999894917011,0.008511812426149845,0.001282964483834803,-0.0054097347892820835,-0.0004759875009767711,-0.002533700317144394,0.00375150004401803,-0.005413636099547148,0.0029155954252928495,0.063,0.417,0.52,0.9222,2
0.0011328940745443106,0.004164382349699736,0.00816963892430067,0.007677894085645676,-0.006954559125006199,0.005347815342247486,-0.009407486766576767,-0.008622498251497746,-0.007777898572385311,-0.001369364676065743,-0.0017240246525034308,-0.004966649226844311,0.0051591964438557625,0.0016832707915455103,0.0002542315924074501,0.007237457204610109,0.0008585411123931408,-0.0007063759258016944,0.0002362427330808714,-0.007838256657123566,0.008154685609042645,0.008414339274168015,0.005441552493721247,0.0013816436985507607,0.006868081167340279,0.007883134298026562,0.0027984054759144783,-0.008689322508871555,-0.002321625826880336,0.0034623497631400824,0.005967231933027506,0.01020092237740755,0.00742140831425786,0.0023032764438539743,-0.004869615193456411,0.0016194755444303155,0.002710068365558982,-0.002571294317021966,0.007828966714441776,-0.007834319956600666,0.009366048499941826,0.002870830474421382,-0.004221301060169935,0.009297431446611881,-0.008852139115333557,0.006354434881359339,0.005236159078776836,0.003424911294132471,-0.008555246517062187,-0.002533022779971361,0.0,0.538,0.462,0.7184,2
0.0012101128231734037,0.004011010751128197,0.008168952539563179,0.00752232177183032,-0.007186305243521929,0.005041445139795542,-0.00931432656943798,-0.008431212045252323,-0.00808761641383171,-0.0015039377612993121,-0.00190124218352139,-0.005169671960175037,0.005246042273938656,0.0019563408568501472,0.00042795436456799507,0.007356288842856884,0.001250075758434832,-0.000521893089171499,2.9245698897284456e-05,-0.007991035468876362,0.00838488433510065,0.008468207903206348,0.005625003483146429,0.0015226034447550774,0.007053234148770571,0.007855897769331932,0.002784039592370391,-0.008542284369468689,-0.0023577455431222916,0.003445030888542533,0.006012490950524807,0.010314649902284145,0.007408894598484039,0.0022958379704505205,-0.004958372563123703,0.0016807345673441887,0.002848314354196191,-0.0023934764321893454,0.007868561893701553,-0.00755560165271163,0.009559039026498795,0.002839844673871994,-0.004178274888545275,0.008970743976533413,-0.008610842749476433,0.006331632845103741,0.004999698139727116,0.0032992169726639986,-0.008377429097890854,-0.0024370828177779913,0.0,0.538,0.462,0.7184,0
0.0011656576534733176,0.003979837987571955,0.008166853338479996,0.007578171789646149,-0.007174361031502485,0.005026933271437883,-0.009226903319358826,-0.008374059572815895,-0.008046664297580719,-0.0015387781895697117,-0.001968930009752512,-0.005071415100246668,0.005068389233201742,0.0020585244055837393,0.0004301035951357335,0.007457959931343794,0.0011518473038449883,-0.0005552208749577403,0.0002130792709067464,-0.00788901187479496,0.008284746669232845,0.008435617201030254,0.0055849808268249035,0.0014952156925573945,0.007131463848054409,0.00789679680019617,0.002810260746628046,-0.008657711558043957,-0.002340170554816723,0.003646038705483079,0.005784925539046526,0.010338622145354748,0.007474892307072878,0.0022647350560873747,-0.004966269247233868,0.0017711768159642816,0.0026553829666227102,-0.0025008555967360735,0.007930561900138855,-0.007478262297809124,0.00956160668283701,0.002891767304390669,-0.004295438528060913,0.009010566398501396,-0.008693365380167961,0.00628919992595911,0.005040714982897043,0.0032330111134797335,-0.008413336239755154,-0.002463588258251548,0.0,0.538,0.462,0.7184,0
0.007285220082849264,-0.006322740577161312,0.007013668306171894,0.004578925669193268,0.005760102067142725,0.005031190812587738,0.0022245896980166435,-0.0016055305022746325,0.0076272445730865,-0.009471223689615726,-0.003422350622713566,-0.00823688879609108,-0.006925094872713089,0.00023255065025296062,0.0073469760827720165,-0.0022461814805865288,-0.006107956636697054,-0.009147624485194683,0.0075874608010053635,0.00856051966547966,0.0009093362023122609,0.007467740681022406,0.0051757269538939,0.009501425549387932,0.007139736786484718,0.00012831200729124248,-0.0010726460022851825,0.002341979881748557,0.008008134551346302,-0.0010052877478301525,0.0018568852683529258,-0.006688861176371574,0.008343023248016834,0.002360299462452531,-0.005900335498154163,-0.006377103738486767,-0.0010674180230125785,0.0031563006341457367,-0.001502124941907823,0.009154553525149822,-0.002846609568223357,0.00497648399323225,0.0058434586971998215,0.006782351993024349,-0.0019911210983991623,0.007699464447796345,-0.0007492347504012287,0.005343398544937372,0.005635017529129982,-0.0076844897121191025,0.0,0.538,0.462,0.7184,0
-0.008753144182264805,0.004334207624197006,-0.002212337451055646,0.0022627220023423433,0.00734374113380909,0.006446130573749542,0.005670472513884306,-0.0025907668750733137,-0.00198085093870759,0.0011875164927914739,0.006436043884605169,-0.004481978248804808,-0.003811813425272703,-0.003945589531213045,0.0007923766388557851,-0.0013232451165094972,0.0027126395143568516,0.00660798791795969,0.001360117457807064,-0.00499288784340024,-0.008037853054702282,0.006968324072659016,0.008426625281572342,-0.006806421093642712,0.002995904069393873,0.0038800574839115143,0.002392115071415901,-0.0006827907054685056,-0.010589614510536194,-0.009416003711521626,0.006065290421247482,-0.002126335632055998,-8.18618864286691e-05,-0.0018352074548602104,0.007690061815083027,0.006422100123018026,0.003480273997411132,-0.0074487654492259026,0.004670307505875826,0.0018649195553734899,0.005974971689283848,0.007767454255372286,0.008274138905107975,0.0005060512921772897,0.005123182665556669,-0.007640550844371319,-0.0016774408286437392,-0.0001641145208850503,0.0008742398931644857,-0.008011046797037125,0.0,0.467,0.533,0.6908,0
-0.005180400796234608,0.003992680460214615,0.005827810149639845,2.3992915885173716e-05,0.00919039361178875,0.0016509118722751737,0.0008817561902105808,0.006321912631392479,0.00031681088148616254,0.002441124292090535,0.0061147031374275684,-0.008251704275608063,-0.003775291843339801,0.006262101698666811,0.009066076017916203,0.008589785546064377,-0.006465596612542868,0.001508651883341372,-0.003696596249938011,0.005574929062277079,0.000537221843842417,0.0015053197275847197,-7.301406731130555e-05,-0.002051260322332382,0.008868821896612644,0.00681431544944644,3.3423275453969836e-05,0.0005194548866711557,-0.010465025901794434,-0.0027446334715932608,-0.004567115567624569,-0.008642894215881824,-0.009369539096951485,-0.00441587483510375,-0.008727035485208035,0.007802608888596296,-0.0012147590750828385,0.007329894695430994,-0.004519920330494642,0.008900330401957035,0.0032426926773041487,0.00690254895016551,0.005650500301271677,-0.0006233275635167956,-0.006113823968917131,0.002498023910447955,0.004998549818992615,-0.004185622092336416,0.005332875996828079,0.006269311998039484,0.147,0.491,0.362,0.5423,0
0.00278396625071764,0.0006278572254814208,-0.0031549108680337667,-0.000897742691449821,0.008350396528840065,0.0006057656137272716,0.003336750203743577,-0.007142678834497929,-0.010480344295501709,-0.008196059614419937,0.0013453434221446514,-0.0015128589002415538,0.0033708657138049603,-0.006840169429779053,-0.0033220837358385324,0.008601034060120583,0.006723741535097361,0.008693631738424301,-0.008078383281826973,0.0012942575849592686,-0.00868152640759945,0.0083834920078516,-0.004702538251876831,0.0035024811513721943,0.004668838810175657,-0.00663441838696599,0.0005317688919603825,-0.00387093354947865,0.009037675336003304,-0.00486504752188921,-0.007850748486816883,0.0015673079760745168,0.004565549548715353,-0.009969235397875309,0.0046679130755364895,-0.006645939778536558,-0.000337340374244377,0.008484691381454468,0.0012076577404513955,-0.006326865870505571,-0.005042715929448605,-0.008096182718873024,0.007884238846600056,0.00748661532998085,0.0008384539978578687,0.0015465226024389267,0.00016944960225373507,0.005860806908458471,0.003971755038946867,-0.0051183016039431095,0.152,0.488,0.36,0.5267,2
-0.005166440270841122,0.004080875776708126,0.005839257966727018,0.00014455016935244203,0.009279864840209484,0.0016378910513594747,0.0009328024461865425,0.006119334138929844,0.0003948102821595967,0.002453105989843607,0.00614334037527442,-0.008151315152645111,-0.003679674817249179,0.006093722302466631,0.008995234034955502,0.00858973152935505,-0.006494966335594654,0.0014687520451843739,-0.0037325210869312286,0.005560717545449734,0.0005375560722313821,0.0014989967457950115,-0.00019648201123345643,-0.0022021259646862745,0.008695670403540134,0.006688244175165892,8.565436291974038e-05,0.0004555518680717796,-0.010321587324142456,-0.0028475956059992313,-0.004614402074366808,-0.008748846128582954,-0.009339445270597935,-0.004425741732120514,-0.008654823526740074,0.007819854654371738,-0.0013633625349029899,0.007214202079921961,-0.00460461713373661,0.008791334927082062,0.0031584780663251877,0.006996063515543938,0.005743510089814663,-0.0004773151595145464,-0.006174394860863686,0.0025379059370607138,0.004938770551234484,-0.0042100572027266026,0.005115222651511431,0.006205850746482611,0.147,0.491,0.362,0.5423,2
0.00853450782597065,0.0017535632941871881,0.00020865080296061933,-0.007329413667321205,0.008946017362177372,-0.0029933578334748745,-0.0010193669004365802,0.007000364828854799,0.0007078275666572154,0.0023425091058015823,0.007655637804418802,-0.003185197478160262,0.0019809843506664038,0.003285617334768176,-0.003644253360107541,0.006290811114013195,-0.007081450428813696,0.007006102707237005,-0.003453147364780307,-0.010140880942344666,0.0023722341284155846,0.0015793407801538706,0.007713610772043467,-0.002494608983397484,-0.008150782436132431,-0.007251863367855549,-0.010027088224887848,-0.0024002802092581987,0.003043962409719825,0.002155331429094076,-0.0015809100586920977,-0.009564004838466644,0.005726227071136236,0.004701643716543913,0.005018581636250019,6.842519360361621e-05,-0.0006069273804314435,-0.0032050448935478926,-0.0018923507304862142,0.010330968536436558,-0.00014545241720043123,-0.0006143601494841278,-0.001750524272210896,-0.006517715752124786,-0.0004078687634319067,0.007152656093239784,-5.2002746087964624e-05,0.0005288988468237221,-0.0024291924200952053,0.005267011467367411,0.122,0.408,0.469,0.7783,2
0.00913583766669035,0.0029530164320021868,-0.009789747186005116,-0.005543748382478952,0.003283540718257427,-0.0017608855850994587,-0.006788075901567936,0.0032468519639223814,-0.004430409055203199,0.00013621964899357408,0.002467566169798374,0.006965334061533213,0.003665668424218893,-0.007283532060682774,-0.004529066849499941,-0.0018031554063782096,0.0010628125164657831,0.004111912567168474,0.006477306131273508,-0.005572698079049587,0.007939799688756466,0.007704193238168955,-0.004342267289757729,-0.0008394647156819701,0.005306031089276075,0.0029847852420061827,0.00281666056253016,0.002112577436491847,-0.003333817468956113,-0.005247149150818586,-0.009120563976466656,-0.00869344174861908,0.007767904549837112,0.004898835439234972,-0.0009021571022458375,0.003180231200531125,0.010249044746160507,0.006693297065794468,0.0030171540565788746,-0.006782357580959797,0.0043691894970834255,0.009301033802330494,0.00894965697079897,-0.0009833358926698565,0.009593836963176727,-0.003984291572123766,-0.0060074226930737495,-0.006883010733872652,-0.0034467068035155535,0.004224172327667475,0.114,0.474,0.412,0.743,2
0.009267491288483143,-0.00781693309545517,-0.003532480215653777,-0.004356604069471359,0.008988366462290287,0.006521174218505621,0.005287810228765011,-0.0027933393139392138,-0.009168712422251701,-0.00636200699955225,-0.0019148541614413261,-0.00810378696769476,-0.007133519276976585,0.006711544934660196,0.005853846203535795,0.0033230946864932775,0.008744657039642334,0.005472454242408276,0.0011836326448246837,0.007989066652953625,-0.006117557641118765,0.0031422532629221678,0.010187556967139244,0.0069954306818544865,0.007565523963421583,-0.009371193125844002,-0.0027271779254078865,0.00310090952552855,-0.010680966079235077,0.009706662967801094,0.006068767048418522,0.008466267958283424,0.0008612929377704859,0.004060989711433649,-0.007628173101693392,0.0007464681402780116,0.0009430176578462124,0.007698243483901024,0.007236606441438198,-0.005614534951746464,-0.0025760801509022713,0.005604121834039688,0.010299227200448513,-0.009409458376467228,-0.005490434356033802,0.0019829911179840565,0.0031405047047883272,0.002274361439049244,0.0018396523082628846,-0.009449238888919353,0.373,0.443,0.184,-0.4588,2
-0.002397930948063731,-0.00788967963308096,-0.0038756211288273335,0.008661383762955666,0.006411015521734953,-0.009041639976203442,-0.007383109536021948,0.00553441746160388,-0.003941991366446018,-0.005904222838580608,-0.005154912825673819,0.0025548588018864393,-0.0013008109526708722,0.006585689261555672,0.008519199676811695,-0.0021344469860196114,-0.0024904035963118076,-0.006339815445244312,-0.010025220923125744,-0.006810640916228294,-0.00014778536569792777,0.007558930199593306,-0.008471464738249779,-0.0011570926290005445,-0.007937389425933361,-0.00873709935694933,0.003716772887855768,-0.0025139558129012585,0.003303986042737961,-0.00791692640632391,-0.008873381651937962,0.0002300045598531142,0.008200570940971375,0.0037234483752399683,-0.002673699287697673,-0.0022073097061365843,0.005450141150504351,0.005065987817943096,-0.005270957946777344,-0.00804131105542183,-0.004593378864228725,0.0037857359275221825,-0.0019322317093610764,-0.0019971118308603764,-0.003241764148697257,-0.0010115244658663869,0.0020919127855449915,-0.0043959105387330055,-0.007156241685152054,0.003922462463378906,0.333,0.667,0.0,-0.5423,2
-0.006014170125126839,0.0014628181234002113,-0.0024811364710330963,-5.195558333070949e-05,0.0011714299907907844,-0.001064788899384439,-0.00742122670635581,0.0014883005060255527,-0.005268057808279991,-0.00012144057836849242,0.0035117710940539837,-0.002966339932754636,0.004347352311015129,0.010364370420575142,-0.005127419251948595,0.00791163183748722,-0.004607567097991705,-0.003460490144789219,0.00044349979725666344,0.007466116454452276,0.007283917628228664,0.002563796704635024,0.005910681560635567,0.004711179994046688,-0.008261449635028839,-0.009403323754668236,0.004296285565942526,-0.0005814536125399172,-0.010078278370201588,0.004353068303316832,0.006412663962692022,0.0016069302801042795,-0.0004279864951968193,0.00788822304457426,-0.007140167057514191,-0.009183913469314575,-0.006998957600444555,0.007776038721203804,0.009418741799890995,0.009270364418625832,-6.155121809570119e-05,-0.0043850974179804325,0.006085519213229418,0.004276250954717398,-0.002337087644264102,-0.009919591248035431,0.0054032462649047375,-0.006681784056127071,-0.007411194033920765,-0.0027408592868596315,0.398,0.602,0.0,-0.5106,-2
-0.005942485760897398,0.0014113372890278697,-0.002481242874637246,-6.26869878033176e-05,0.0011381324147805572,-0.0011167097836732864,-0.007421824149787426,0.0014622195158153772,-0.005407638382166624,-0.00019468927348498255,0.0034814910031855106,-0.0029590963385999203,0.00450085150077939,0.010295971296727657,-0.005123707931488752,0.007904077880084515,-0.004451674409210682,-0.003527940483763814,0.00022789377544540912,0.007321443874388933,0.007327436935156584,0.0025889421813189983,0.0060630603693425655,0.004856550600379705,-0.008324249647557735,-0.009598875418305397,0.0043409583158791065,-0.0004442974750418216,-0.01025847252458334,0.0043218801729381084,0.00635470449924469,0.0015719911316409707,-0.0004654579097405076,0.007917406037449837,-0.007117127534002066,-0.009136486798524857,-0.006956158205866814,0.007841183803975582,0.009417733177542686,0.009393398649990559,-4.024578083772212e-05,-0.004333508666604757,0.0060875206254422665,0.0041621169075369835,-0.0022165582049638033,-0.009865853935480118,0.005229052156209946,-0.00671823974698782,-0.007334460970014334,-0.0028115096502006054,0.398,0.602,0.0,-0.5106,-2
0.006890573538839817,-0.008275803178548813,-0.0038356983568519354,0.005963475909084082,-0.0008276550797745585,0.004006930161267519,-0.006065209861844778,-0.0069200885482132435,-0.0007806214271113276,0.0010463329963386059,0.0014859854709357023,0.0024105773773044348,0.0047995299100875854,-0.006306785158813,0.0057387687265872955,-0.00527803972363472,0.009037339128553867,-0.0067343092523515224,-0.0007383914198726416,-0.00468065170571208,-0.009267641231417656,-0.005319700576364994,0.0019005616195499897,0.0052561573684215546,-0.009087640792131424,-0.007376860361546278,0.005744778085500002,-0.006732984911650419,0.007503990083932877,0.004083243198692799,-0.007181719411164522,0.003452580887824297,-0.007382129319012165,0.0008840711670927703,0.0033565200865268707,0.001955810934305191,0.006056157872080803,-0.0016769412904977798,0.010052016004920006,0.00400604959577322,-0.008199764415621758,0.0024206701200455427,-0.008105527609586716,-0.007704565767198801,-0.008683362044394016,-0.004872466437518597,-0.001730085234157741,0.00746446056291461,0.006942713167518377,-0.00039356769411824644,0.333,0.667,0.0,-0.5423,-2
0.010328595526516438,-0.009228010661900043,-0.0071278768591582775,0.0036301794461905956,-0.0071844495832920074,0.004094380419701338,0.005903971381485462,-0.0012669926509261131,-0.006938807666301727,-0.009578817524015903,0.002016741083934903,0.0027818060480058193,-0.0077079711481928825,-0.002581515349447727,-0.004071689210832119,0.0017630106303840876,-0.002158775459975004,-0.0022223242558538914,-0.006755170412361622,-0.00024138185835909098,0.0014394057216122746,-0.006907290313392878,-0.002412786241620779,0.010439316742122173,0.009742447175085545,-0.0018940906738862395,-0.009918097406625748,-0.0024065645411610603,-0.0020400872454047203,0.0002749695850070566,-0.002493431558832526,-0.008809072896838188,0.0015886431792750955,0.00094859569799155,-0.006830680649727583,0.004563318565487862,-0.007988490164279938,0.006984725594520569,-0.003524715779349208,-0.004292226862162352,-0.0035648716147989035,-0.007931839674711227,-0.0020272599067538977,-0.003659019246697426,-0.003208658192306757,-0.00165696965996176,-0.00419421074911952,0.002197769470512867,0.003393459366634488,-0.0037475682329386473,0.259,0.741,0.0,-0.5423,-2
-0.002265936229377985,-0.00798579677939415,-0.0038475515320897102,0.008546513505280018,0.006355033256113529,-0.009089728817343712,-0.007324834354221821,0.005576318595558405,-0.003993147984147072,-0.006048090290278196,-0.005230847280472517,0.0024385915603488684,-0.0011486220173537731,0.0068509564734995365,0.00852250773459673,-0.002166733844205737,-0.002253987593576312,-0.006469338666647673,-0.010077464394271374,-0.00689717847853899,-0.00013344062608666718,0.007548056542873383,-0.00839622225612402,-0.0009433976374566555,-0.007843966595828533,-0.008707961067557335,0.0035112809855490923,-0.002346569672226906,0.0032035482581704855,-0.00788122322410345,-0.0088352644816041,0.0003168952534906566,0.00820907298475504,0.0037483470514416695,-0.0027373828925192356,-0.0022359320428222418,0.005470480304211378,0.00515755033120513,-0.005226435139775276,-0.007717599626630545,-0.004390081390738487,0.0037904586642980576,-0.0019531729631125927,-0.002255703555420041,-0.0031736886594444513,-0.0011306116357445717,0.001943935756571591,-0.004472592379897833,-0.0070024533197283745,0.003981133922934532,0.333,0.667,0.0,-0.5423,-2
-0.0009470712393522263,0.000988692743703723,-0.004250298719853163,0.005544552579522133,0.007837129756808281,0.00887820590287447,-0.006075629964470863,0.003620880888774991,0.0019493888830766082,-0.009027980268001556,-0.00847054272890091,0.007266764063388109,-0.004893183708190918,0.005956570617854595,0.009461358189582825,0.006449917796999216,-0.002656560158357024,-0.002712944755330682,-0.01142182108014822,0.0012943462934345007,0.004417414776980877,0.009075364097952843,0.0025904965586960316,0.009233629330992699,0.0024710241705179214,-0.004504579585045576,-0.005917580332607031,0.005741046275943518,0.0028224410489201546,-0.007804688531905413,0.008579554967582226,-0.008825596421957016,-0.006809600163251162,-0.002995938528329134,-0.0035820375196635723,0.00599833857268095,0.003930212929844856,0.00023790652630850673,0.004977142438292503,0.002389616100117564,-9.244710963685066e-05,0.009227423928678036,0.0010594477644190192,-0.004872240591794252,0.011227022856473923,-0.002627583686262369,-0.0009619962074793875,-0.001536749885417521,0.004507097415626049,0.005463635548949242,0.0,0.61,0.39,0.8074,-2
-0.001626240205951035,-0.005665145814418793,0.009153435938060284,-0.010612384416162968,-9.504468471277505e-05,-0.0037932235281914473,0.005027230829000473,-0.0023475138004869223,0.0015451379586011171,0.007769742980599403,-0.010592539794743061,0.00617178063839674,0.0013073486043140292,-0.0007306503830477595,-0.003532210597768426,0.0017988597974181175,0.005292159039527178,0.009287545457482338,-0.010850434191524982,0.004321661312133074,0.008373486809432507,-0.006309058982878923,0.011534643359482288,-0.007688058074563742,0.0038521967362612486,-0.0007528855348937213,-0.0045627690851688385,0.005371129605919123,0.005904082674533129,0.00039996951818466187,0.006173925008624792,0.007555719465017319,0.0057409703731536865,-0.009902245365083218,0.008787384256720543,-0.008062057197093964,0.007248803041875362,-0.0065265437588095665,0.004386906046420336,0.0021481362637132406,0.010472601279616356,-0.0017915688222274184,0.002136815804988146,0.0007032399298623204,-0.0074644554406404495,-0.007612577639520168,-0.007627781014889479,-0.0017379431519657373,-0.0033707928378134966,-0.0058327023871243,0.107,0.458,0.435,0.8225,2
0.003646817058324814,0.004850012715905905,-0.00979231670498848,-0.0023694804403930902,-0.004945946857333183,0.0027637206949293613,-0.005367393139749765,0.0099164554849267,0.0038550791796296835,-0.002497910289093852,-0.0020102120470255613,-0.00046221556840464473,0.0005260173929855227,-0.002033645287156105,0.0036140521988272667,-0.0009896287228912115,0.0014082974521443248,0.0014573503285646439,-0.00844370573759079,-0.004517232067883015,-0.009555388242006302,0.005660637281835079,-0.007166408933699131,-0.0041513205505907536,-0.007029323372989893,-0.002000556793063879,0.001397270243614912,0.003315615002065897,-0.006576899439096451,-0.007339665200561285,-0.009854419156908989,-0.0035402521025389433,-0.0029053085017949343,0.0026049185544252396,-0.006492789834737778,-0.008903414942324162,0.007238926365971565,-0.0013430254766717553,-0.005545138381421566,0.009203877300024033,0.00929422490298748,-0.0026393583975732327,-0.0002987918851431459,-0.004593187943100929,0.004083564504981041,-0.006217855494469404,-0.007252073846757412,0.003456379985436797,-0.0010286209871992469,-0.0010273201623931527,0.133,0.474,0.393,0.6705,2
-0.0011773002333939075,-0.00875367596745491,0.009034167043864727,-0.007991986349225044,0.0013054442824795842,0.0023855615872889757,0.0012918964494019747,0.002285981085151434,-0.005038398317992687,-0.005193289835005999,-0.0017240345478057861,0.006054869387298822,0.007208162918686867,-0.0031744723673909903,0.002172594889998436,0.009127264842391014,0.006624871399253607,0.00461497250944376,0.006569437682628632,0.0009791087359189987,-0.008639744482934475,-0.01014317013323307,0.001313450513407588,0.006029624491930008,-0.0065587605349719524,0.008004991337656975,-0.0037629539147019386,-0.0003243312530685216,0.001307559898123145,-0.0023233999963849783,-0.0008846152340993285,0.008831393904983997,0.006712878588587046,-0.004034983925521374,0.006663202773779631,-0.0073221176862716675,-0.004761042073369026,0.003991858568042517,0.0023696592543274164,0.0035916559863835573,-0.0067552062682807446,-0.0021407869644463062,0.002323478227481246,-0.0005534848896786571,0.0014008628204464912,-0.0019865839276462793,-0.009869740344583988,0.0005253647104837,0.005591575987637043,-0.00973209273070097,0.0,0.628,0.372,0.8074,2
-0.0009103270131163299,0.0015857807593420148,-0.004009253345429897,0.0058140987530350685,0.008107718080282211,0.009264850057661533,-0.006198550574481487,0.003178730607032776,0.002654170850291848,-0.008607686497271061,-0.00838826410472393,0.007432011421769857,-0.005311963614076376,0.005506589543074369,0.009140965528786182,0.006329183466732502,-0.003295221831649542,-0.0028681736439466476,-0.01067833136767149,0.001577063463628292,0.004498905502259731,0.009152745828032494,0.0020427245181053877,0.008999346755445004,0.002176415640860796,-0.004442478995770216,-0.005487913731485605,0.0057791415601968765,0.0033149251248687506,-0.00765510369092226,0.008499427698552608,-0.008828986436128616,-0.006786955054849386,-0.0028328460175544024,-0.003545351792126894,0.005920273717492819,0.0038984522689133883,0.0003788474132306874,0.004910171031951904,0.0022572833113372326,-0.0005757097969762981,0.008933022618293762,0.0010938092600554228,-0.004433844238519669,0.01073838397860527,-0.0026519312523305416,-0.0005890204920433462,-0.0015634442679584026,0.004227461293339729,0.005626370199024677,0.0,0.61,0.39,0.8074,2
-0.0017461467068642378,-0.0005413711187429726,-0.00014863109390717,0.005999541375786066,-0.009803992696106434,-0.011218125931918621,-0.009069761261343956,0.0034927204251289368,-0.006582515314221382,0.007353294640779495,-5.835054980707355e-05,0.00850642379373312,-0.005118713714182377,0.007218098733574152,0.00896120723336935,0.009461531415581703,0.011064636521041393,-0.0040552266873419285,-0.008203385397791862,0.0014125417219474912,0.0010292447404935956,0.009693291038274765,-0.0070561375468969345,0.008144689723849297,0.0020811152644455433,-0.000624470179900527,-0.007319730706512928,0.0031411757227033377,0.0019179017981514335,-0.008932908065617085,-0.004702667705714703,-0.003567205974832177,0.006663492415100336,0.0012528753140941262,-0.0035842854995280504,-0.003717743558809161,-0.005903190467506647,0.0034446916542947292,-0.0012327812146395445,-0.005644011311233044,-0.0020026201382279396,0.007162225432693958,-0.007939085364341736,0.006613311357796192,0.00607107300311327,0.0076771629974246025,0.002858737949281931,-0.00800560973584652,0.007142542861402035,-0.00725049152970314,0.0,0.721,0.279,0.7003,2
-0.008932368829846382,-0.005753209814429283,0.0059248837642371655,-0.00046497880248352885,0.007582319434732199,0.0013918239856138825,-0.008359139785170555,0.0012402466963976622,0.004621204920113087,-0.004880831576883793,0.00017940302495844662,-0.0015757514629513025,0.002125512808561325,0.0077947089448571205,0.0015178980538621545,0.0043463739566504955,0.010167628526687622,0.004534484352916479,-0.008206766098737717,-3.808880501310341e-05,-0.005870690569281578,0.0027606624644249678,-0.0011719174217432737,-0.008044704794883728,0.0036019166000187397,-0.007279970683157444,0.008135962300002575,0.004008917137980461,0.005359260831028223,0.0006729390006512403,0.0068458449095487595,-0.0036846811417490244,-0.00878054741770029,0.005365460645407438,-0.005810283590108156,0.00614849291741848,0.0010147503344342113,-0.003916005603969097,0.00337032787501812,0.0016473069554194808,-0.0010508629493415356,0.002680237405002117,-0.002266457537189126,0.006519819609820843,-0.005123812705278397,-0.008430719375610352,-0.007136431988328695,0.005018122959882021,-0.00607305346056819,0.00945392344146967,0.215,0.701,0.084,-0.4215,2
0.008165356703102589,0.006127459928393364,-0.0014856652123853564,0.0029527046717703342,0.0006354687502607703,-0.009676236659288406,-0.007144717033952475,0.005988491699099541,0.007951363921165466,0.0023466781713068485,-0.0009066031198017299,0.0014197651762515306,0.004514820873737335,-0.005090455990284681,0.01020769588649273,0.0009740525274537504,0.009503885172307491,0.0006632570293731987,-0.002912916010245681,0.003594728885218501,0.005364587530493736,0.009108376689255238,0.009886692278087139,-0.0018896841211244464,-0.001893486361950636,0.001113981707021594,-0.006415274925529957,-0.0009512464748695493,0.008862419985234737,-0.006422763224691153,-0.005658173933625221,0.009373486042022705,-0.0005853837938047945,0.0003464031033217907,-0.002195965498685837,0.003906636033207178,-0.007293683011084795,0.0025924809742718935,0.005322932731360197,-0.0023417561315000057,0.008701575919985771,-0.009440277703106403,0.010033606551587582,-0.009248694404959679,0.009433520026504993,0.007133584935218096,-0.004833141341805458,0.0031818789429962635,0.00754849286749959,0.0024002641439437866,0.381,0.619,0.0,-0.7506,-2
-0.0024059710558503866,-0.008426099084317684,-0.007595486473292112,-0.010608373209834099,-0.005629430990666151,0.00590350478887558,-0.0015340963145717978,-0.001268369727768004,0.005883911158889532,-0.0035692667588591576,-0.005350245628505945,-0.010326635092496872,-0.007096515037119389,-0.004402687773108482,-0.008730842731893063,-0.0009581362828612328,0.0021390309557318687,0.004586131777614355,-0.007166732102632523,0.003915618639439344,0.005891416221857071,-0.005105298012495041,0.0032986209262162447,0.009974128566682339,-0.0025675389915704727,0.009450487792491913,-0.010129974223673344,-0.005317069590091705,0.0028558820486068726,0.005075593013316393,0.009752482175827026,-0.0044446769170463085,0.0027300810907036066,0.002008881187066436,-0.006490290630608797,-0.007860226556658745,-0.008397654630243778,0.00904128234833479,-0.0014167283661663532,0.005779011640697718,0.007093747146427631,0.01054148469120264,0.005969258490949869,-0.01107935793697834,-0.0031713834032416344,-0.0034084974322468042,-0.006266717799007893,0.001370052108541131,-0.005664110649377108,-0.008400305174291134,0.215,0.701,0.084,-0.4215,-2
0.0068013546988368034,-0.006669715512543917,-0.009061072021722794,0.006797868758440018,0.008344006724655628,-0.00798807479441166,-0.006742106284946203,0.010716541670262814,0.005842210259288549,-0.006258787587285042,0.00679341284558177,0.007228110451251268,0.0005460374522954226,-0.005850523244589567,0.0017835375620052218,0.002278196159750223,-0.006955939810723066,-0.007891153916716576,-0.009457753039896488,0.007228154223412275,0.004568318370729685,0.0038495329208672047,-0.004696766380220652,0.010705291293561459,-0.002476693596690893,-0.00963254552334547,-0.005919842515140772,0.00014075929357204586,-0.005176017992198467,-0.00476979510858655,-0.005125698167830706,0.0072773899883031845,-0.007905813865363598,0.0036757043562829494,-0.009307214990258217,0.010274180211126804,0.0031151999719440937,0.009990100748836994,-0.0059829531237483025,0.00700704799965024,0.008645899593830109,0.008369538933038712,-0.00023210850486066192,-0.010881386697292328,-0.00877332128584385,0.0037901964969933033,0.00444844551384449,7.235467637656257e-05,0.0075445352122187614,0.0011154848616570234,0.253,0.657,0.091,-0.4939,-2
-0.005358916241675615,-0.003562898375093937,-0.00346224382519722,0.005546666216105223,0.00464246328920126,0.0071477023884654045,0.006638764403760433,0.010741745121777058,-0.012886228039860725,-0.0036586918868124485,-0.007525117602199316,0.007874909788370132,0.010567767545580864,0.002244476927444339,0.00931041780859232,-0.007669863756746054,-0.002291614655405283,-0.007761654444038868,-0.0038861476350575686,-0.008436717092990875,-0.00748490821570158,-0.003553178161382675,0.0037515023723244667,0.006573846098035574,0.0035757608711719513,-0.004735355265438557,-0.0018006139434874058,0.005047272425144911,-0.010496563278138638,0.0006941885803826153,0.0012677498161792755,-0.0014056547079235315,-0.005764575209468603,0.008821708150207996,-0.005684122908860445,-0.003242197912186384,-0.007623283192515373,0.006787518505007029,-0.00034720663097687066,0.005498175043612719,0.010019558481872082,-0.00681836623698473,0.008357137441635132,0.003197956597432494,-0.006516290362924337,-0.009655656293034554,0.006507487501949072,-0.010607707314193249,0.004198113456368446,0.006601227447390556,0.181,0.748,0.071,-0.4215,-2
-0.0011579871643334627,0.004292773548513651,-0.009735295549035072,-0.00919110607355833,-0.00014639997971244156,-0.0033432096242904663,0.008493947796523571,0.004505950026214123,-0.00022600337979383767,-0.0018629096448421478,0.005883563309907913,-0.003908055368810892,0.004675253760069609,-0.0024328038562089205,-0.004895402584224939,0.005094880238175392,0.00928487814962864,-0.002512815874069929,-0.007090982515364885,0.00350370304659009,0.005963126663118601,0.0021302406676113605,0.00034017270081676543,0.004620630294084549,-0.007883201353251934,0.007058412302285433,-0.00904736015945673,0.009649372659623623,0.007709883153438568,-0.00015763223927933723,0.005631440319120884,-0.007406807504594326,-0.0012674315366894007,-0.003909133840352297,-0.008476060815155506,-0.000288946001091972,-0.003403883660212159,-0.00876876711845398,-0.007555818185210228,-0.007096779067069292,0.011681209318339825,-0.0068509276024997234,0.005139273591339588,0.00409411545842886,-0.008501050993800163,-0.008187650702893734,-0.005237007513642311,0.002491186372935772,0.00239223032258451,0.009070945903658867,0.117,0.782,0.101,-0.0772,-2
-0.00973642710596323,0.006769905798137188,-0.008203770034015179,-0.004152286797761917,-0.004313469864428043,-0.009949764236807823,0.0042606135830283165,-0.005020644050091505,0.0016966396942734718,-0.009155058301985264,-0.000412903813412413,-0.007122695911675692,-0.004382394719868898,0.010318249464035034,0.0008640856831334531,-0.0005656440043821931,0.00988149456679821,0.005501048639416695,0.003632081439718604,0.0057303146459162235,0.0027952613309025764,-0.009777244180440903,-0.002311798743903637,0.0057576191611588,0.0015878196572884917,0.006117467302829027,-0.003499408485367894,-0.0030879410915076733,0.0016332677332684398,-0.002589484443888068,-0.0038271979428827763,-0.005112408194690943,-0.0038496486376971006,-0.002449468243867159,-0.005520818289369345,0.005580166354775429,0.008725638501346111,-0.001223006402142346,0.00627906946465373,-0.007317688316106796,0.009593294933438301,-0.006113843061029911,0.0025159819051623344,-0.007046419195830822,-0.0064318436197936535,0.005516309291124344,0.005561900325119495,-0.0008289371035061777,0.005177256651222706,-0.0061023118905723095,0.0,1.0,0.0,0.0,-2
-0.00973125547170639,0.00692752143368125,-0.008147493936121464,-0.004116085823625326,-0.004248340148478746,-0.009804580360651016,0.004179933574050665,-0.005250648129731417,0.001875363290309906,-0.009091373533010483,-0.0003269129083491862,-0.007048868574202061,-0.004452934954315424,0.010102315805852413,0.0007148453150875866,-0.0006419024430215359,0.009540898725390434,0.0054221246391534805,0.0038438334595412016,0.005866180639714003,0.0027478497941046953,-0.009727039374411106,-0.002471568062901497,0.0057581705041229725,0.001410766621120274,0.006144684739410877,-0.0035067941062152386,-0.0031441354658454657,0.0017249821685254574,-0.002631113864481449,-0.0038202283903956413,-0.005171376280486584,-0.0039047773461788893,-0.0025062463246285915,-0.005439449567347765,0.005559894721955061,0.008699542842805386,-0.0013394851703196764,0.006107201334089041,-0.0076134721748530865,0.009386943653225899,-0.006177169736474752,0.002605076413601637,-0.006873689126223326,-0.006554957013577223,0.005558764096349478,0.005754153709858656,-0.0007788505172356963,0.005010303575545549,-0.006119540426880121,0.0,1.0,0.0,0.0,0
-0.006565011106431484,0.0019198338268324733,0.004015711136162281,-0.0019798956345766783,-0.002911163493990898,-0.00985122099518776,0.006288269534707069,0.0010856683366000652,0.0008487326558679342,0.0048505584709346294,0.007105102296918631,0.00044929649448022246,-0.003778113517910242,0.005882713943719864,-0.008245214819908142,0.00021755561465397477,-0.008278963156044483,0.007437049876898527,0.00012036222324240953,0.007814289070665836,0.0021642991341650486,0.0016675356309860945,0.0007901070057414472,0.008810068480670452,-0.000767017132602632,-0.004601557273417711,-0.007794469594955444,0.006880246102809906,-0.0060646627098321915,-0.009310532361268997,0.006852662190794945,0.009273660369217396,0.0047243316657841206,0.000940505531616509,0.0051894825883209705,0.009311847388744354,-0.00349046871997416,0.006251847837120295,-0.0018030469072982669,-0.00032509581069462,-0.007369752507656813,0.0007666651508770883,-0.007643768098205328,0.008490657433867455,0.00360397738404572,-0.0006414062809199095,-0.006613979581743479,-0.0043949102982878685,-0.0015530537348240614,0.006912996992468834,0.0,1.0,0.0,0.0,0
-0.009737282991409302,0.006816329900175333,-0.008176558651030064,-0.004137713927775621,-0.004344544839113951,-0.009853817522525787,0.0042185671627521515,-0.0051249065436422825,0.0019285310991108418,-0.009131677448749542,-0.00034305258304812014,-0.007113834377378225,-0.004397678188979626,0.010111960582435131,0.0007511737640015781,-0.0006428315537050366,0.009737047366797924,0.005446259863674641,0.003714669728651643,0.005801802035421133,0.0027795492205768824,-0.009684151969850063,-0.0024207255337387323,0.005743980407714844,0.001462785410694778,0.0060977269895374775,-0.0034335132222622633,-0.0031322375871241093,0.0016887090168893337,-0.002663513645529747,-0.0038383950013667345,-0.00510227819904685,-0.003866314422339201,-0.002422463381662965,-0.005476777907460928,0.005576263181865215,0.008716197684407234,-0.0013455151347443461,0.006248637102544308,-0.007492690347135067,0.009477965533733368,-0.006002979818731546,0.002641857136040926,-0.00698879873380065,-0.006470852065831423,0.005555284675210714,0.005728624295443296,-0.0007632076158188283,0.0050918832421302795,-0.006022320594638586,0.0,1.0,0.0,0.0,0
0.0030577771831303835,0.0034415482077747583,0.005150394979864359,0.008606703951954842,-0.0025342213921248913,0.00486799469217658,0.006675085984170437,0.006729628425091505,-0.0022539892233908176,-0.0027635537553578615,0.0032549905590713024,0.00010813787230290473,-0.006099768448621035,-0.005499373655766249,-0.0053226035088300705,-0.007829582318663597,-0.008347976952791214,0.006313239689916372,0.006258751731365919,-0.004475980065762997,0.003849329659715295,-0.004967690445482731,-0.008350609801709652,-0.0010715884855017066,0.006360563915222883,-0.006149028427898884,0.007284337654709816,-0.009465370327234268,-0.006150383967906237,0.003218005644157529,0.004852291662245989,-0.008975114673376083,-0.0024772926699370146,0.005633118096739054,-0.005118811037391424,-0.0007400426547974348,-0.009828455746173859,0.0050178649835288525,0.0005671947728842497,0.005984852556139231,-0.003011005697771907,0.004622898064553738,0.003779067425057292,-0.008872711099684238,0.009226853027939796,-0.004142287652939558,-0.0027477177791297436,-0.0013659329852089286,-0.009622928686439991,0.0017177907284349203,0.0,1.0,0.0,0.0,0
-0.009799273684620857,0.00687801418825984,-0.008135989308357239,-0.004103736951947212,-0.004294014535844326,-0.009869594126939774,0.004257239867001772,-0.005175931379199028,0.0018921233713626862,-0.009139313362538815,-0.0002889410243369639,-0.007072984706610441,-0.00446986872702837,0.01013820432126522,0.000814257946331054,-0.0006521932082250714,0.009638410061597824,0.005468382965773344,0.0037639013025909662,0.005867714062333107,0.002799858106300235,-0.009835937060415745,-0.0024067305494099855,0.0057352702133357525,0.0014454727061092854,0.006239216309040785,-0.0034565820824354887,-0.0031631498131901026,0.0017397189512848854,-0.0026078345254063606,-0.0038290671072900295,-0.005104801617562771,-0.003915190231055021,-0.0024921363219618797,-0.005467459559440613,0.005598775576800108,0.008650788106024265,-0.001273369649425149,0.006238446105271578,-0.0075168064795434475,0.009438721463084221,-0.0060807173140347,0.002692056819796562,-0.006948999594897032,-0.006519213318824768,0.005548534914851189,0.005732635967433453,-0.0007213808712549508,0.005003614816814661,-0.006049686577171087,0.0,1.0,0.0,0.0,0
0.00023671897361055017,-0.011518845334649086,0.0010106939589604735,0.003060592571273446,0.007298415992408991,0.0020780214108526707,0.005637678783386946,-0.002275030827149749,0.006169885862618685,-0.00018632865976542234,-0.0016849817475304008,-0.002996705938130617,-0.00619209511205554,0.010651642456650734,0.005755156744271517,0.009096494875848293,0.002795449225232005,0.0008486000588163733,0.004624710883945227,-0.005557533819228411,-0.005349953193217516,-0.00534207746386528,0.0009601885103620589,-0.0076437052339315414,0.0032652721274644136,0.00019183597760275006,-0.006177550181746483,-0.006804822478443384,0.0025245805736631155,-0.002555991755798459,-0.006100797560065985,-0.002857312560081482,0.005639084614813328,-0.008301378227770329,-0.00895034521818161,0.006390022579580545,-0.008361989632248878,-0.007626729551702738,0.00021871548960916698,0.008507142774760723,-0.006779974792152643,-0.0075227064080536366,0.009234150871634483,-0.0007440726622007787,-0.002280755201354623,-0.002706713741645217,0.007238659076392651,0.0029982165433466434,0.005528090987354517,-0.006935568060725927,0.273,0.727,0.0,-0.5423,0
0.0048564765602350235,-0.011526999995112419,0.008216211572289467,-0.010975873097777367,-0.005936381407082081,-0.011044388636946678,0.008575621992349625,-0.00706650223582983,-0.005396720487624407,-0.003765088738873601,-0.0038056012708693743,-0.006457827985286713,0.010482752695679665,-0.007636343594640493,-0.006142997648566961,-0.008592850528657436,0.00817046407610178,0.005180570296943188,0.006246053148061037,0.001574052614159882,-0.006633891258388758,-0.0034804067108780146,-0.006127038970589638,0.0074957553297281265,0.011083257384598255,-0.009684308432042599,0.007356503512710333,0.004680329468101263,-0.001372653990983963,0.0017080120742321014,-0.008887629956007004,0.004420198034495115,-0.010303989984095097,0.006939088925719261,-0.0011450720485299826,0.0019682785496115685,0.005684291012585163,-0.0021084758918732405,0.002000558888539672,0.009698743000626564,0.008882409892976284,-0.003974167164415121,-0.005291603971272707,-0.004313531331717968,-0.00850500725209713,-0.0019083713414147496,-0.004514006897807121,-0.009727331809699535,0.00712556904181838,0.005070188548415899,0.14,0.86,0.0,-0.0772,0
-0.002684292383491993,-0.00786089152097702,-0.005284467712044716,-0.007739778142422438,0.004010837525129318,0.001062260940670967,0.00760597363114357,-0.0039251637645065784,-0.010310068726539612,-0.010634509846568108,-0.004049501847475767,0.00573356356471777,0.004799682646989822,0.004900224041193724,0.002783000934869051,-0.005031727720052004,-0.005705015268176794,-0.0058373273350298405,-0.000950037909206003,-0.011027873493731022,0.001628016005270183,-0.001759143895469606,-0.008503160439431667,0.0011826222762465477,0.002924183150753379,-0.0032071410678327084,0.0007200799300335348,0.004378592595458031,0.00010948847921099514,-0.006828278303146362,-0.0026977548841387033,-0.008564512245357037,-0.0006929928786121309,-0.0027572871185839176,0.004027978051453829,-0.0035620899870991707,-0.004280250519514084,0.009606996551156044,-0.003905688878148794,0.005014617927372456,0.010274690575897694,-5.629572115140036e-05,-0.0007510170107707381,0.00741680059581995,0.005121331661939621,-0.002093847608193755,0.003050433937460184,-0.004081176593899727,-0.005931485909968615,0.0009099714807234704,0.259,0.741,0.0,-0.4215,0
